{
  "name": "playful_face",
  "mean_signals": [
    0.012057845365433468,
    0.01094614267349243,
    0.033145693370274135,
    0.016701630183628625,
    0.017357441357203893,
    0.011058964048113143,
    0.05482454016095116,
    0.004862257980165028,
    0.06839836552029566,
    0.016208926268986297,
    0.4785397206682579,
    0.055117224101868784,
    0.12518477832886296,
    0.06155859299262613,
    0.15327245523257832,
    0.47394441418945227,
    0.46781742514534636,
    0.1337867868708925,
    0.2419592764261824,
    0.5423902211188851,
    0.5632654958409065
  ],
  "importance_weights": [
    0.02212877968719867,
    0.020577635983776644,
    0.028957650612454672,
    0.027382932934095685,
    0.03781123773625988,
    0.041712666975584414,
    0.052985218143343005,
    0.024168409445477844,
    0.062490165167635545,
    0.034980491203004054,
    0.046818269934744396,
    0.05846708114401159,
    0.026718722768586414,
    0.01936195129587049,
    0.18369088846767884,
    0.02205931465840858,
    0.013178300959031952,
    0.03553772419093595,
    0.09577393365738732,
    0.058240364368547015,
    0.08695826066596689
  ],
  "n_refs": 21,
  "signal_fields": [
    "au1_inner_brow",
    "au2_outer_brow",
    "au4_brow_lowerer",
    "au5_upper_lid",
    "au6_cheek_raiser",
    "au9_nose_wrinkler",
    "au12_lip_corner",
    "au15_lip_depressor",
    "au25_lips_part",
    "au26_jaw_drop",
    "em_happy",
    "em_neutral",
    "em_surprise",
    "em_angry",
    "head_yaw_dev",
    "head_pitch",
    "head_roll",
    "warm_smile",
    "cool_gaze",
    "playful_face",
    "wild_energy"
  ]
}