{
  "name": "warm_smile",
  "mean_signals": [
    0.005930587649345399,
    0.0038650933653116225,
    0.02359721660614014,
    0.004318960011005402,
    0.028251083940267565,
    0.013220799714326862,
    0.05318523943424227,
    0.00417119562625885,
    0.07458477690815925,
    0.012238194048404693,
    0.99778176471591,
    1.4620204242368238e-05,
    0.000780095076782319,
    4.4885384498426575e-06,
    0.10464362820320629,
    0.44704570652905945,
    0.4770606595803247,
    0.40208501358425364,
    0.05132404535810931,
    0.23358321860100104,
    0.1810497686238556
  ],
  "importance_weights": [
    0.01501458411537019,
    0.014096784154930181,
    0.012105567256010542,
    0.0332628572156473,
    0.023973307762446643,
    0.017744201407672397,
    0.033913118304031736,
    0.01452883450184297,
    0.05144426983649807,
    0.019213721569446656,
    0.132432833050799,
    0.048227578609337775,
    0.0266062113854888,
    0.02343549159231488,
    0.14668831449220884,
    0.015852772390760255,
    0.008775979385449228,
    0.046595630307202394,
    0.19357607538932683,
    0.02701257294045704,
    0.09549929433275822
  ],
  "n_refs": 32,
  "signal_fields": [
    "au1_inner_brow",
    "au2_outer_brow",
    "au4_brow_lowerer",
    "au5_upper_lid",
    "au6_cheek_raiser",
    "au9_nose_wrinkler",
    "au12_lip_corner",
    "au15_lip_depressor",
    "au25_lips_part",
    "au26_jaw_drop",
    "em_happy",
    "em_neutral",
    "em_surprise",
    "em_angry",
    "head_yaw_dev",
    "head_pitch",
    "head_roll",
    "warm_smile",
    "cool_gaze",
    "playful_face",
    "wild_energy"
  ]
}