{
  "name": "lateral",
  "mean_signals": [
    0.0027237866073846814,
    0.0025927629321813583,
    0.011653304845094676,
    0.0016314148902893063,
    0.0018254783004522323,
    0.0025305800139904023,
    0.0031660214066505437,
    0.00329853966832161,
    0.005160859972238541,
    0.0017791152000427247,
    0.3295387680991553,
    0.4077232852041561,
    0.08481506231046865,
    0.05176526731912645,
    0.9850508139183013,
    0.7093816911936489,
    0.32677202513333814,
    0.11463996921512085,
    0.7622271101579347,
    0.3214106685537283,
    0.11387620618357844
  ],
  "importance_weights": [
    0.02327298986042337,
    0.01774309858756125,
    0.021996258254394132,
    0.03696872340776945,
    0.0333563495636405,
    0.028716104130444,
    0.053780626792486325,
    0.01338654330529472,
    0.0678643899061142,
    0.031561943930322675,
    0.04430797971751065,
    0.049091280674238784,
    0.018320009530780005,
    0.01797139368891718,
    0.25282751126596187,
    0.03042019571653322,
    0.017373033820035813,
    0.030564004721609066,
    0.07603446379562934,
    0.02058173244615237,
    0.11386136688418114
  ],
  "n_refs": 32,
  "signal_fields": [
    "au1_inner_brow",
    "au2_outer_brow",
    "au4_brow_lowerer",
    "au5_upper_lid",
    "au6_cheek_raiser",
    "au9_nose_wrinkler",
    "au12_lip_corner",
    "au15_lip_depressor",
    "au25_lips_part",
    "au26_jaw_drop",
    "em_happy",
    "em_neutral",
    "em_surprise",
    "em_angry",
    "head_yaw_dev",
    "head_pitch",
    "head_roll",
    "warm_smile",
    "cool_gaze",
    "playful_face",
    "wild_energy"
  ]
}