{
  "name": "cool_gaze",
  "mean_signals": [
    0.005021272386823383,
    0.002874832493918282,
    0.012880947930472238,
    0.002317627498081752,
    0.002806285108838763,
    0.002963098457881382,
    0.007314534527914866,
    0.0024670089994158063,
    0.01339867762156895,
    0.002247155393872942,
    0.10141797192461256,
    0.5077723185398749,
    0.03249894122106655,
    0.09216969859387193,
    0.2750355483280435,
    0.4676515573995859,
    0.4680980279961224,
    0.0916521020757969,
    0.9527638617939782,
    0.31692822796433456,
    0.10846085360803308
  ],
  "importance_weights": [
    0.012127337632350344,
    0.01425943892496443,
    0.01734455339074817,
    0.02237580425761361,
    0.028384219385875105,
    0.024416753440817125,
    0.04213587784210524,
    0.023648068701321447,
    0.04888745757858504,
    0.026649459395921466,
    0.12942426103672275,
    0.06024805045545051,
    0.022901085299747343,
    0.01375379207248232,
    0.05663029221725353,
    0.013535273868868429,
    0.008107844142121103,
    0.03080261997915846,
    0.27667670045138654,
    0.017057146046671176,
    0.11063396387983579
  ],
  "n_refs": 35,
  "signal_fields": [
    "au1_inner_brow",
    "au2_outer_brow",
    "au4_brow_lowerer",
    "au5_upper_lid",
    "au6_cheek_raiser",
    "au9_nose_wrinkler",
    "au12_lip_corner",
    "au15_lip_depressor",
    "au25_lips_part",
    "au26_jaw_drop",
    "em_happy",
    "em_neutral",
    "em_surprise",
    "em_angry",
    "head_yaw_dev",
    "head_pitch",
    "head_roll",
    "warm_smile",
    "cool_gaze",
    "playful_face",
    "wild_energy"
  ]
}