{
  "name": "wild_energy",
  "mean_signals": [
    0.01190903413863409,
    0.008619975476037888,
    0.045299663430168516,
    0.009355047770908901,
    0.039864162604014076,
    0.026442485196249827,
    0.07439108859925042,
    0.004938708032880511,
    0.09525626046316964,
    0.01241358915964762,
    0.5476164280303887,
    0.007556098297105304,
    0.24378231023982402,
    0.12106635230953716,
    0.13014044591486384,
    0.4789504762384397,
    0.4496371629719981,
    0.17107741546725416,
    0.0315085801831806,
    0.34015496660137096,
    0.8950548828667951
  ],
  "importance_weights": [
    0.019695225358600008,
    0.02069369116047816,
    0.021767833462512653,
    0.02048455433533387,
    0.03175437234138212,
    0.025656740525124466,
    0.04792570416414416,
    0.018446427125121106,
    0.04780417791161345,
    0.02802269036136512,
    0.038409838701752935,
    0.052167991684215334,
    0.027762730503859967,
    0.015456243307091654,
    0.12303097539241252,
    0.012662022611891735,
    0.007528132906296521,
    0.022369606868294305,
    0.21371001646145082,
    0.01834773883106357,
    0.18630328598599574
  ],
  "n_refs": 21,
  "signal_fields": [
    "au1_inner_brow",
    "au2_outer_brow",
    "au4_brow_lowerer",
    "au5_upper_lid",
    "au6_cheek_raiser",
    "au9_nose_wrinkler",
    "au12_lip_corner",
    "au15_lip_depressor",
    "au25_lips_part",
    "au26_jaw_drop",
    "em_happy",
    "em_neutral",
    "em_surprise",
    "em_angry",
    "head_yaw_dev",
    "head_pitch",
    "head_roll",
    "warm_smile",
    "cool_gaze",
    "playful_face",
    "wild_energy"
  ]
}